id_prueba,sitio,url_web,url_facebook,municipio,estado,pais,tipo_fuente,enlace_valido,categoria_raiz,subcategoria,tipo_especifico,duplicado,pagina_activa,agregado_por,estado_validacion,observaciones
1,AlertaQro Noticias Queretaro,http://www.alertaqronoticias.com/,https://www.facebook.com/alertaqro?locale=es_LA,Corregidora,Querétaro,México,Medio,Sí,Medio Informativo,Portal Digital,Noticias Estatales,No,Sí,Mauricio,Aprobado,ninguna
2,Criptica Noticias Queretaro,http://www.criptica.com.mx/,https://www.facebook.com/CripticaNoticias/about?locale=es_LA,Querétaro,Querétaro,México,Medio,Sí,Medio Informativo,Portal Digital,Noticias Locales,No,Sí,Mauricio,Aprobado,ninguna
3,Noticias Queretaro,https://noticiasdequeretaro.com.mx/,https://www.facebook.com/noticiasdeqro/about?locale=es_LA,Querétaro,Querétaro,México,Medio,Sí,Medio Informativo,Portal Digital,Noticias Estatales,No,Sí,Mauricio,Aprobado,ninguna
4,Alerta Informativa,http://www.alertaqronoticias.com/,https://www.facebook.com/profile.php?id=100063767697033&sk=about&locale=es_LA,Querétaro,Querétaro,México,Medio,Sí,Medio Informativo,Portal Digital,Noticias Estatales,No,Sí,Mauricio,Aprobado,ninguna
5,Diario de Queretaro,https://www.oem.com.mx/diariodequeretaro/,https://www.facebook.com/DiarioQro/about?locale=es_LA,Querétaro,Querétaro,México,Medio,Sí,Medio Informativo,Portal Digital,Noticias Estatales,No,Sí,Mauricio,Aprobado,ninguna
6,El Universal Queretaro,http://www.eluniversalqueretaro.mx/,https://www.facebook.com/ElUniversalQueretaro/about?locale=es_LA,Querétaro,Querétaro,México,Medio,Sí,Medio Informativo,Portal Digital,Noticias Estatales,No,Sí,Mauricio,Aprobado,ninguna
7,Fiscalia General de Queretaro,http://fiscaliageneralqro.gob.mx/,https://www.facebook.com/fiscaliaqro/about?locale=es_LA,Querétaro,Querétaro,México,Oficial,Sí,Gobierno,Justicia y Órganos Autónomos,Fiscalía,No,Sí,Mauricio,Aprobado,ninguna
8,POES Querétaro,NA,https://www.facebook.com/poesqro/about?locale=es_LA,Querétaro,Querétaro,México,Medio,Sí,Medio Informativo,Portal Digital,Noticias Estatales,No,Sí,Mauricio,Aprobado,ninguna
9,Pulso Pedro Escobedo ,instagram.com/pulsopedroescobedo,https://www.facebook.com/pulsopedroescobedo/about?locale=es_LA,Pedro Escobedo,Querétaro,México,Medio,Sí,Medio Informativo,Portal Digital,Noticias Locales,No,Sí,Mauricio,Aprobado,ninguna
10,amealco.MX,https://amealco.mx/,https://www.facebook.com/amealcoMX/about?locale=es_LA,Amealco de Bonfil,Querétaro,México,Medio,Sí,Medio Informativo,Portal Digital,Noticias Locales,No,Sí,Mauricio,Aprobado,ninguna
11,Informamte Serrano ,NA,https://www.facebook.com/profile.php?id=61565956828332&sk=about&locale=es_LA,Jalpan de Serra,Querétaro,México,Medio,Sí,Medio Informativo,Portal Digital,Noticias Locales,No,Sí,Mauricio,Aprobado,ninguna
12,La Voz Del Pueblo Querétaro ,http://www.lavozdelpuebloqro.com/,https://www.facebook.com/profile.php?id=61566823675631&sk=about&locale=es_LA,Querétaro,Querétaro,México,Medio,Sí,Medio Informativo,Portal Digital,Noticias Estatales,No,Sí,Mauricio,Aprobado,ninguna
13,Mala Vida Radio ,https://malavidaqro.com/,https://www.facebook.com/profile.php?id=61566823675631&sk=about&locale=es_LA,Querétaro,Querétaro,México,Medio,Sí,Medio Informativo,Periódico,Híbrido,Pendiente,Pendiente,Mauricio,Enlace inválido,Enlace no valido
14,Querétaro Extra ,http://extraqueretaro.com/,https://www.facebook.com/profile.php?id=61566823675631&sk=about&locale=es_LA,Querétaro,Querétaro,México,Oficial,Sí,Medio Informativo,Portal Digital,Noticias Estatales,Pendiente,Pendiente,Mauricio,Enlace inválido,Enlace no valido
15,Amanecer Querétaro ,http://www.amanecerqro.com/,https://www.facebook.com/profile.php?id=61566823675631&sk=about&locale=es_LA,Querétaro,Querétaro,México,Medio,Sí,Medio Informativo,Portal Digital,Noticias Estatales,Pendiente,Pendiente,Mauricio,Enlace inválido,Enlace no valido
16,Noticias San Juan del Río,N/A,https://www.facebook.com/groups/489847842526167/about,San Juan del Río,Querétaro,México,Comunitaria,Sí,Comunidad,Grupos Comunitarios,Información Local,No,Sí,Mauricio,Aprobado,ninguna
17,QuerétaroNoticias.com ,https://www.queretaronoticias.com/,https://www.facebook.com/profile.php?id=61566823675631&sk=about&locale=es_LA,Querétaro,Querétaro,México,Oficial,Sí,Medio Informativo,Portal Digital,Noticias Estatales,Pendiente,Pendiente,Mauricio,Enlace inválido,Enlace no valido
18,Radio Televisión Querétaro,http://www.rtq.mx/,https://www.facebook.com/rtqqueretaro/about,Querétaro,Querétaro,México,Oficial,Sí,Medio Informativo,Portal Digital,Noticias Estatales,No,Sí,Mauricio,Aprobado,ninguna
19,l Universal Querétaro,http://www.eluniversalqueretaro.mx/,https://www.facebook.com/ElUniversalQueretaro/about,Querétaro,Querétaro,México,Medio,Sí,Medio Informativo,Portal Digital,Noticias Estatales,No,Sí,Mauricio,Aprobado,ninguna
20,AD Queretaro,https://aldialogo.mx/,https://www.facebook.com/ADQueretaroMX/about,Querétaro,Querétaro,México,Medio,Sí,Medio Informativo,Portal Digital,Noticias Estatales,No,Sí,Mauricio,Aprobado,ninguna
21,Denuncias Públicas Querétaro ,NA,https://www.facebook.com/profile.php?id=61566823675631&sk=about&locale=es_LA,Querétaro,Querétaro,México,Comunitaria,Sí,Comunidad,Denuncias Ciudadanas,Quejas / Reportes,Pendiente,Pendiente,Mauricio,Enlace inválido,Enlace no valido
22,Noticias del pueblito ,https://noticiaselpueblito.com/,https://www.facebook.com/profile.php?id=61566823675631&sk=about&locale=es_LA,Querétaro,Querétaro,México,Comunitaria,Sí,Medio Informativo,Portal Digital,Noticias Estatales,Pendiente,Pendiente,Mauricio,Enlace inválido,Enlace no valido
23,Reporte Queretaro,http://www.ciudadypoder.mx/,https://www.facebook.com/ReporteQueretaro/about,Querétaro,Querétaro,México,Medio,Sí,Medio Informativo,Portal Digital,Noticias Estatales,No,Sí,Mauricio,Aprobado,ninguna
24,TV Azteca Querétaro ,https://www.aztecaqueretaro.com/,https://www.facebook.com/profile.php?id=61566823675631&sk=about&locale=es_LA,Querétaro,Querétaro,México,Medio,Sí,Medio Informativo,Televisión,Noticiero,No,Sí,Mauricio,Aprobado,ninguna
25,Quadratín Querétaro,N/A,https://www.facebook.com/queretaroquadratin,Querétaro,Querétaro,México,Comunitaria,Sí,Medio Informativo,Portal Digital,Noticias Locales,No,Sí,Mauricio,Aprobado,ninguna
26,Crónica Regional ,https://www.cronicaregional.com.mx/,https://www.facebook.com/profile.php?id=61566823675631&sk=about&locale=es_LA,Querétaro,Querétaro,México,Medio,Sí,Medio Informativo,Portal Digital,Noticias Locales,Pendiente,Pendiente,Mauricio,Enlace inválido,Enlace no valido
27,La Diferrencia Atrévete A Leernos ,http://www.ladiferenciaperiodico.jimdo.com/,https://www.facebook.com/Ladiferenciaperiodico/about?locale=es_LA,Querétaro,Querétaro,México,Medio,Sí,Medio Informativo,Portal Digital,Noticias Generales,No,Sí,Mauricio,Aprobado,ninguna
28,Tráfico real y noticias autopista México Querétaro:,N/A,https://www.facebook.com/groups/769252450196527/about,Querétaro,Querétaro,México,Comunitaria,Sí,Comunidad,Denuncias Ciudadanas,Quejas / Reportes,No,Sí,Mauricio,Aprobado,ninguna
29,Noticias Querétaro ,NA,https://www.facebook.com/profile.php?id=61585727610941&sk=about,Corregidora,Querétaro,México,Medio,Sí,Medio Informativo,Portal Digital,Noticias Locales,No,Sí,Mauricio,Aprobado,ninguna
30,Círculo Noticias Querétaro ,http://circulonoticias.com/,https://www.facebook.com/CNqueretaro/about,Querétaro,Querétaro,México,Medio,Sí,Medio Informativo,Portal Digital,Noticias Estatales,No,Sí,Mauricio,Aprobado,ninguna
31,Querétaro NOTICIAS DE ÚLTIMA HORA,N/A,https://www.facebook.com/groups/queretaronoticiasdeultimahora/about,Querétaro,Querétaro,México,Comunitaria,Sí,Comunidad,Grupos Comunitarios,Información Local,No,Sí,Mauricio,Aprobado,ninguna
32,24 Queretaro Noticias,https://24queretaronoticias.com/,https://www.facebook.com/24NoticiasQueretaro/about,Querétaro,Querétaro,México,Medio,Sí,Medio Informativo,Portal Digital,Noticias Estatales,No,Sí,Mauricio,Aprobado,ninguna
33,El Blog de Porter ,https://elblogdeporter.com/,https://www.facebook.com/elblogdeporter/about,Querétaro,Querétaro,México,Medio,Sí,Medio Informativo,Portal Digital,Noticias Locales,No,Sí,Mauricio,Aprobado,ninguna
34,El Sol de San Juan del Río,https://oem.com.mx/elsoldesanjuandelrio/,https://www.facebook.com/ElSolDeSanJuan/about,San Juan del Río,Querétaro,México,Medio,Sí,Medio Informativo,Portal Digital,Noticias Locales,No,Sí,Mauricio,Aprobado,ninguna
35,El Conspirador ,    http://www.elconspirador.com.mx/,https://www.facebook.com/ConspiradorMx/about?locale=es_LA,Querétaro,Querétaro,México,Medio,Sí,Medio Informativo,Portal Digital,Noticias Estatales,No,Sí,Mauricio,Aprobado,ninguna
36,Expreso de Queretaro,http://expresoqueretaro.com/,https://www.facebook.com/profile.php?id=100064393401223&sk=about,Querétaro,Querétaro,México,Medio,Sí,Medio Informativo,Portal Digital,Noticias Estatales,No,Sí,Mauricio,Aprobado,ninguna
37,Rotativo de Queretaro , http://www.rotativo.com.mx/,https://www.facebook.com/RotativoQueretaro/about?locale=es_LA,Querétaro,Querétaro,México,Medio,Sí,Medio Informativo,Portal Digital,Noticias Estatales,No,Sí,Mauricio,Aprobado,ninguna
38,Queretarock Noticias ,NA,https://www.facebook.com/QueretarockNoticias/about?locale=es_LA,Querétaro,Querétaro,México,Medio,Sí,Medio Informativo,Portal Digital,Noticias Estatales,No,Sí,Mauricio,Aprobado,ninguna
39,Gobierno del Estado de Querétaro ,http://www.queretaro.gob.mx/,https://www.facebook.com/GobQro/about?locale=es_LA,Querétaro,Querétaro,México,Oficial,Sí,Medio Informativo,Portal Digital,Noticias Estatales,No,Sí,Mauricio,Aprobado,ninguna
40,Plaza de Armas Querétaro ,http://www.plazadearmas.com.mx/,https://www.facebook.com/PlazaDeArmasQro/about?locale=es_LA,Querétaro,Querétaro,México,Medio,Sí,Medio Informativo,Periódico,Digital,No,Sí,Mauricio,Aprobado,ninguna
41,Poder Ciudadano Radio ,https://poderciudadanoradio.com/category/noticias/,https://www.facebook.com/poderciudadanoradio/about?locale=es_LA,Querétaro,Querétaro,México,Medio,Sí,Medio Informativo,Radio,Radio Noticias,No,Sí,Mauricio,Aprobado,ninguna
42,Somos de Querétaro ,NA,https://www.facebook.com/profile.php?id=61568072700408&sk=about&locale=es_LA,Querétaro,Querétaro,México,Comunitaria,Sí,Medio Informativo,Portal Digital,Noticias Estatales,No,Sí,Mauricio,Aprobado,ninguna
43,San Pedro Ahuacatlan Noticias,N/A,https://www.facebook.com/sanpedroahuacatlannoticias/about,San Juan del Río,Querétaro,México,Medio,Sí,Medio Informativo,Portal Digital,Noticias Locales,No,Sí,Mauricio,Aprobado,ninguna
44,ALMomento Noticias ,https://almomento-noticias.com/,https://www.facebook.com/AlMomentoQueretaro/about?locale=es_LA,San Juan del Río,Querétaro,México,Medio,Sí,Medio Informativo,Portal Digital,Noticias Generales,No,Sí,Mauricio,Aprobado,ninguna
45,Diario de Querétaro,https://www.oem.com.mx/diariodequeretaro/,https://www.facebook.com/DiarioQro/about,Querétaro,Querétaro,México,Medio,Sí,Medio Informativo,Periódico,Híbrido,No,Sí,Mauricio,Aprobado,ninguna
46,El Periódico de Querétaro,http://www.elperiodico.mx/,https://www.facebook.com/elperiodicoqro/about,Querétaro,Querétaro,México,Oficial,Sí,Medio Informativo,Periódico,Híbrido,No,Sí,Mauricio,Aprobado,ninguna
47,Vigía Digital Querétaro,http://www.vigiadigitalqro.com/,https://www.facebook.com/vigiadigitalqro/about,Querétaro,Querétaro,México,Medio,Sí,Medio Informativo,Portal Digital,Noticias Locales,No,Sí,Mauricio,Aprobado,ninguna
48,San Juan Al Día,N/A,https://www.facebook.com/profile.php?id=61567618131464&sk=about,San Juan del Río,Querétaro,México,Medio,Sí,Medio Informativo,Portal Digital,Noticias Locales,No,Sí,Mauricio,Aprobado,ninguna
49,Qué hay San Juan,N/A,https://www.facebook.com/profile.php?id=61584623193241&sk=about,San Juan del Río,Querétaro,México,Medio,Sí,Medio Informativo,Portal Digital,Noticias Locales,No,Sí,Mauricio,Aprobado,ninguna
50,Acontecer Querétaro,ttp://www.acontecerqueretaro.com/,https://www.facebook.com/AcontecerQueretaro/about,Querétaro,Querétaro,México,Medio,Sí,Medio Informativo,Portal Digital,Noticias Estatales,No,Sí,Mauricio,Aprobado,ninguna
51,Mauricio Kuri ,http://mauriciokuri.com/,https://www.facebook.com/MauricioKuriGonzalez/about?locale=es_LA,Querétaro,Querétaro,México,Medio,Sí,Figura Pública,Figura Política,Gobernador,No,Sí,Mauricio,Aprobado,ninguna
52,Reqronexion,http://www.reqronexion.com/,https://www.facebook.com/reqronexion/about,Querétaro,Querétaro,México,Medio,Sí,Medio Informativo,Portal Digital,Noticias Estatales,No,Sí,Mauricio,Aprobado,ninguna
53,Pomares MX,N/A,https://www.facebook.com/pomaresoficial/about,Querétaro,Querétaro,México,Medio,Sí,Figura Pública,Comunicador / Periodista,Conductor de Noticias,No,Sí,Mauricio,Aprobado,ninguna
54,SIN Reservas Qro,http://sinreservasqueretaro.wordpress.com/,https://www.facebook.com/sinreservasqueretaro/about,Querétaro,Querétaro,México,Medio,Sí,Medio Informativo,Portal Digital,Noticias Generales,No,Sí,Mauricio,Aprobado,ninguna
55,FeliFer Macias ,NA,https://www.facebook.com/FeliferMaciasO/about?locale=es_LA,Querétaro,Querétaro,México,Oficial,Sí,Figura Pública,Figura Política,Presidente Municipal,No,Sí,Mauricio,Aprobado,ninguna
56,Roberto Cabreara Valencia ,NA,https://www.facebook.com/robertocabrerav/about?locale=es_LA,San Juan del Río,Querétaro,México,Oficial,Sí,Figura Pública,Figura Política,Presidente Municipal,No,Sí,Mauricio,Aprobado,ninguna
57,Rodrigo Monsalvo,NA,https://www.facebook.com/RodrigoMonsalvoC/,El Marqués,Querétaro,México,Oficial,Sí,Figura Pública,Figura Política,Presidente Municipal,No,Sí,Mauricio,Aprobado,ninguna
58,"Josué ""Chepe"" Guerrero Trápala",NA,https://www.facebook.com/ChepeGro?locale=es_LA,Corregidora,Querétaro,México,Oficial,Sí,Figura Pública,Figura Política,Presidente Municipal,No,Sí,Mauricio,Aprobado,ninguna
59,Óscar Adrián Pérez,NA,https://www.facebook.com/oscarperezmartinezoficial/?locale=es_LA,Amealco de Bonfil,Querétaro,México,Oficial,Sí,Figura Pública,Figura Política,Presidente Municipal,No,Sí,Mauricio,Aprobado,ninguna
60,Miguel Martínez Peñaloza ,NA,https://www.facebook.com/MiguelMartinezPenalozaa/,Cadereyta de Montes,Querétaro,México,Oficial,Sí,Figura Pública,Figura Política,Diputado,No,Sí,Mauricio,Aprobado,ninguna
61,Gaspar Trueba ,NA,https://www.facebook.com/GasparTrueba5/,Colón,Querétaro,México,Oficial,Sí,Figura Pública,Figura Política,Presidente Municipal,No,Sí,Mauricio,Aprobado,ninguna
62,Iván Reséndiz Ramírez,NA,https://www.facebook.com/IvanRsndzRmrz/,Ezequiel Montes,Querétaro,México,Oficial,Sí,Figura Pública,Figura Política,Presidente Municipal,No,Sí,Mauricio,Aprobado,ninguna
63,Jairo Morales,NA,https://www.facebook.com/jairomoralesmtz/?locale=es_LA,Huimilpan,Querétaro,México,Oficial,Sí,Figura Pública,Figura Política,Presidente Municipal,No,Sí,Mauricio,Aprobado,ninguna
64,Rubén Hernández ,NA,https://www.facebook.com/p/Rub%C3%A9n-Hern%C3%A1ndez-61551688837412/,Jalpan de Serra,Querétaro,México,Oficial,Sí,Figura Pública,Figura Política,Presidente Municipal,No,Sí,Mauricio,Aprobado,ninguna
65,Yunuen Benítez Maldonado ,NA,https://www.facebook.com/yuni.benitez/photos,Landa de Matamoros,Querétaro,México,Oficial,Sí,Figura Pública,Figura Política,Presidente Municipal,No,Sí,Mauricio,Aprobado,ninguna
66,Beto Nava,NA,https://www.facebook.com/betonavacz/photos?locale=es_LA,Pedro Escobedo,Querétaro,México,Oficial,Sí,Figura Pública,Figura Política,Presidente Municipal,No,Sí,Mauricio,Aprobado,ninguna
67,Municipio de Peñamiller ,http://www.penamillerqro.gob.mx/,www.facebook.com/MunicipioDePenamillerQro/about,Peñamiller,Querétaro,México,Oficial,Sí,Gobierno,Poder Ejecutivo,Ayuntamiento,No,Sí,Mauricio,Aprobado,ninguna
68,Ana Karen Jimenez,NA,https://www.facebook.com/nena.jimenez.52/,Peñamiller,Querétaro,México,Oficial,Sí,Figura Pública,Figura Política,Funcionario Público,No,Sí,Mauricio,Aprobado,ninguna
69,Carlos Manuel Ledesma Robles,NA,https://www.facebook.com/CarlosManuelLedesmaRobleSj/,San Joaquín,Querétaro,México,Oficial,Sí,Figura Pública,Figura Política,Presidente Municipal,No,Sí,Mauricio,Aprobado,ninguna
70,Héctor Magaña Renteria,NA,https://www.facebook.com/maganarenteria,Querétaro,Querétaro,México,Oficial,Sí,Figura Pública,Figura Política,Senador,No,Sí,Mauricio,Aprobado,ninguna
71,Alejo Sánchez de Santiago ,NA,https://www.facebook.com/TuTienesElPoderalexito/,Tolimán,Querétaro,México,Oficial,Sí,Figura Pública,Figura Política,Presidente Municipal,No,Sí,Mauricio,Aprobado,ninguna
72,Fernando Sánchez Gil ,NA,https://www.facebook.com/fernando.sanchezgil1/,Arroyo Seco,Querétaro,México,Oficial,Sí,Figura Pública,Figura Política,Presidente Municipal,No,Sí,Mauricio,Aprobado,ninguna
73,Lupita Rmz Plaza,NA,https://www.facebook.com/LupitaRPlaza/,Pinal de Amoles,Querétaro,México,Oficial,Sí,Figura Pública,Figura Política,Presidente Municipal,No,Sí,Mauricio,Aprobado,ninguna
74,ADN Informativo Querétaro ,http://www.adninformativo.com/,https://www.facebook.com/ADNQro/about,Querétaro,Querétaro,México,Medio,Sí,Medio Informativo,Portal Digital,Noticias Estatales,No,Sí,Mauricio,Aprobado,ninguna
75,Desde El Marqués ,http://www.circulonoticias.com/,https://www.facebook.com/DesdeElMarques/about,El Marqués,Querétaro,México,Medio,Sí,Medio Informativo,Portal Digital,Noticias Locales,No,Sí,Mauricio,Aprobado,ninguna
76,Secretaria de DesarrolloSocial Queretaro ,http://www.queretaro.gob.mx/,https://www.facebook.com/Sedesoq/about,Querétaro,Querétaro,México,Oficial,Sí,Organizaciones y Sociedad Civil,Asociación Civil,Apoyo Social,No,Sí,Mauricio,Aprobado,ninguna
77,Queretanews ,https://queretanews.com/,https://www.facebook.com/Queretanews,Querétaro,Querétaro,México,Medio,Sí,Medio Informativo,Portal Digital,Noticias Estatales,No,Sí,Mauricio,Aprobado,ninguna
78,Conciencia Querétaro ,NA,https://www.facebook.com/QueretanoActivo/about,Querétaro,Querétaro,México,Medio,Sí,Medio Informativo,Portal Digital,Noticias Generales,No,Sí,Mauricio,Aprobado,ninguna
79,Noticias y Política de San Juan ,NA,https://www.facebook.com/profile.php?id=61581336364050a,Querétaro,Querétaro,México,Medio,Sí,Medio Informativo,,,Pendiente,Pendiente,Mauricio,Enlace inválido,Enlace no valido
80,Actores y escenarios ,NA,https://www.facebook.com/profile.php?id=61581336364050a,Querétaro,Querétaro,México,Medio,Sí,Medio Informativo,,,Pendiente,Pendiente,Mauricio,Enlace inválido,Enlace no valido
81,Premier Noticias Querétaro ,https://www.premiernoticiasqro.com/,https://www.facebook.com/Queretaronoticia/about,San Juan del Río,Querétaro,México,Medio,Sí,Medio Informativo,Portal Digital,Noticias Estatales,No,Sí,Mauricio,Aprobado,ninguna
82,Canal 10 Chichimequillas Noticias ,https://www.canal10chichimequillas.com/,https://www.facebook.com/Canal10ChichimequillasNews/about,El Marqués,Querétaro,México,Medio,Sí,Medio Informativo,Portal Digital,Noticias Estatales,No,Sí,Mauricio,Aprobado,ninguna
83,Secretaría de Seguridad Pública Municipal de El Marqués ,http://www.elmarques.gob.mx/,https://www.facebook.com/SSPyTMElMarques/about,El Marqués,Querétaro,México,Medio,Sí,Gobierno,Seguridad Pública,Secretaría de Seguridad Pública,No,Sí,Mauricio,Aprobado,ninguna
84,Pensador Queretano ,    http://pensadorqueretano.com/,https://www.facebook.com/pensadorqueretano/about,Querétaro,Querétaro,México,Medio,Sí,Figura Pública,Comunicador / Periodista,Periodista Independiente,No,Sí,Mauricio,Aprobado,ninguna
85,Voz Y Testimonio Oficial ,http://vozytestimimonio.com/,https://www.facebook.com/VozyTestimonioOficial,Querétaro,Querétaro,México,Medio,Sí,Figura Pública,Comunicador / Periodista,Periodista Independiente,No,Sí,Mauricio,Aprobado,ninguna
86,RadarNews Qro,http://www.radarnews.mx/,https://www.facebook.com/radarnews1075/about?locale=es_LA,Querétaro,Querétaro,México,Medio,Sí,Medio Informativo,Portal Digital,Noticias Generales,No,Sí,Mauricio,Aprobado,ninguna
87,CódigoQro,https://s.mtrbio.com/codigoqro,https://www.facebook.com/CodigoQro/about?locale=es_LA,Querétaro,Querétaro,México,Medio,Sí,Medio Informativo,Periódico,Híbrido,No,Sí,Mauricio,Aprobado,ninguna
88,24 Querétaro Noticias ,https://24queretaronoticias.com/,https://www.facebook.com/24NoticiasQueretaro/about,Querétaro,Querétaro,México,Medio,Sí,Medio Informativo,Portal Digital,Noticias Locales,No,Sí,Mauricio,Aprobado,ninguna
89,Asícede Querétaro ,http://www.asisucedequeretaro.mx/,https://www.facebook.com/AsiSucedeQro/about,Querétaro,Querétaro,México,Medio,Sí,Medio Informativo,Portal Digital,Noticias Estatales,No,Sí,Mauricio,Aprobado,ninguna
90,Despierta Tequis ,NA,https://www.facebook.com/DespiertaTequis/about,Tequisquiapan,Querétaro,México,Medio,Sí,Medio Informativo,Portal Digital,Noticias Locales,No,Sí,Mauricio,Aprobado,ninguna
91,Noticias Tolimán Oficial ,http://WwwNoticiastoliman.com.gt/,https://www.facebook.com/profile.php?id=61561587265883&sk=about,Tolimán,Querétaro,México,Medio,Sí,Medio Informativo,Portal Digital,Noticias Generales,No,Sí,Mauricio,Aprobado,ninguna
92,Hecho en San Juan del Rio ,NA,https://www.facebook.com/hechoensjr/about,San Juan del Río,Querétaro,México,Medio,Sí,Medio Informativo,Portal Digital,Noticias Estatales,No,Sí,Mauricio,Aprobado,ninguna
93,Noticias Ezequiel Montes,N/A,https://www.facebook.com/profile.php?id=100069272275285&sk=about&locale=es_LA,Ezequiel Montes,Querétaro,México,Medio,Sí,Medio Informativo,Portal Digital,Noticias Locales,No,Sí,Mauricio,Aprobado,ninguna
94,El Observador De Querétaro ,https://elobservadordequeretaro.com.mx/,https://www.facebook.com/ElObservadorDeQro/about,Querétaro,Querétaro,México,Medio,Sí,Medio Informativo,Portal Digital,Noticias Locales,No,Sí,Mauricio,Aprobado,ninguna
95,Lorehna Vega ,http://twitter.com/lorehnavega,https://www.facebook.com/Lorehnavega/about,Querétaro,Querétaro,México,Medio,Sí,Figura Pública,Comunicador / Periodista,Conductor de Noticias,No,Sí,Mauricio,Aprobado,ninguna
96,AlMomento Noticias,https://almomento-noticias.com/,https://www.facebook.com/AlMomentoQueretaro/about?locale=es_LA,Querétaro,Querétaro,México,Medio,Sí,Medio Informativo,Portal Digital,Noticias Estatales,No,Sí,Mauricio,Aprobado,ninguna
97,Alertas Municipio De Querétaro,N/A,https://www.facebook.com/groups/725672975800833/about?locale=es_LA,Querétaro,Querétaro,México,Comunitaria,Sí,Comunidad,Grupos Comunitarios,Comunidad Municipal,No,Sí,Mauricio,Aprobado,ninguna
98,Waldo Maya ,N/A,https://www.facebook.com/WaldoMayaOlguin/about,Querétaro,Querétaro,México,Medio,Sí,Figura Pública,Comunicador / Periodista,Reportero,No,Sí,Mauricio,Aprobado,ninguna
99,Tiempo Santa Rosa Jáuregui,http://www.tiemposrj.com.mx/,https://www.facebook.com/tiemposantarosajauregui/about,Querétaro,Querétaro,México,Medio,Sí,Medio Informativo,Portal Digital,Noticias Estatales,No,Sí,Mauricio,Aprobado,ninguna
100,Meganoticias Querétaro ,http://www.meganoticias.mx/,https://www.facebook.com/meganoticiasqro/about,Querétaro,Querétaro,México,Medio,Sí,Medio Informativo,Televisión,Canal Estatal,No,Sí,Mauricio,Aprobado,ninguna
101,Bitácora Diario ,http://www.bitacoradiario.com/,https://www.facebook.com/BitacoraDiario/about,Querétaro,Querétaro,México,Medio,Sí,Empresa / Negocio,Medio Privado,Agencia de Noticias,No,Sí,Mauricio,Aprobado,ninguna
102,Noticias Corregidora ,NA,https://www.facebook.com/noticiascorregidora,Querétaro,Querétaro,México,Medio,Sí,Medio Informativo,Portal Digital,Noticias Locales,No,Sí,Mauricio,Aprobado,ninguna
103,Queretaro informado,N/A,https://www.facebook.com/groups/Qro.inf/about,Querétaro,Querétaro,México,Medio,Sí,Comunidad,Grupos Comunitarios,Información Local,No,Sí,Mauricio,Aprobado,ninguna
104,Mala Vida Radio ,https://malavidaqro.com/,https://www.facebook.com/MalaVidaQro/about,Querétaro,Querétaro,México,Medio,Sí,Medio Informativo,Radio,Radio Noticias,No,Sí,Mauricio,Aprobado,ninguna
105,Periódico en Línea ,N/A,https://www.facebook.com/groups/Qro.inf/about,Querétaro,Querétaro,México,Medio,Sí,Comunidad,Grupos Comunitarios,Información Local,No,Sí,Mauricio,Aprobado,ninguna
106,Desqbre Querétaro Noticias,NA,https://www.facebook.com/informateqro/about,Querétaro,Querétaro,México,Medio,Sí,Medio Informativo,Portal Digital,Noticias Estatales,No,Sí,Mauricio,Aprobado,ninguna
107,Secretaría de Seguridad Pública Municipal de Querétaro,https://sspmqueretaro.com/,https://www.facebook.com/sspmqueretaro/about,Querétaro,Querétaro,México,Oficial,Sí,Gobierno,Seguridad Pública,Secretaría de Seguridad Pública,No,Sí,Mauricio,Aprobado,ninguna
108,Pérez Rendón María Martina ,https://seseq.gob.mx/,https://www.facebook.com/MartinaPerezRendon/about,Querétaro,Querétaro,México,Oficial,Sí,Figura Pública,Figura Política,Secretario,No,Sí,Mauricio,Aprobado,ninguna
109,"Valeria Martínez 
",NA,https://www.facebook.com/profile.php?id=61571731835358&sk=about,Cadereyta de Montes,Querétaro,México,Medio,Sí,Figura Pública,Figura Política,Regidor,No,Sí,Mauricio,Aprobado,ninguna
110,Periódico El Mosquito,http://www.periodicoelmosquito.com/,https://www.facebook.com/periodicoelmosquito/about,Querétaro,Querétaro,México,Medio,Sí,Medio Informativo,Portal Digital,Noticias Generales,No,Sí,Mauricio,Aprobado,ninguna
111,Querétaro información y noticias ,NA ,https://www.facebook.com/groups/169941606805535/about,Querétaro,Querétaro,México,Medio,Sí,Comunidad,Grupos Comunitarios,Información Local,No,Sí,Mauricio,Aprobado,ninguna
112,Alertas de seguridad San Juan  del rio y Tequisquiapan ,NA,https://www.facebook.com/groups/192977135383769,San Juan del Río,Querétaro,México,Medio,Sí,Comunidad,Grupos Comunitarios,Información Local,No,Sí,Mauricio,Aprobado,ninguna
113,N + 57 ,NA,https://www.facebook.com/profile.php?id=100088606042923&sk=about,Querétaro,Guanajuato,México,Medio,Sí,Medio Informativo,Portal Digital,Noticias Generales,No,Sí,Mauricio,Aprobado,ninguna
114,ADN40Mx,ADN40Mx,https://www.facebook.com/adnnoticiasmx/about,Querétaro,Querétaro,México,Medio,Sí,Medio Informativo,Portal Digital,Noticias Generales,No,Sí,Mauricio,Aprobado,ninguna
115,Seguridad Publica Corregidora,https://corregidora.gob.mx/portal/,https://corregidora.gob.mx/portal/,Querétaro,Querétaro,México,Medio,Sí,Medio Informativo,,,Pendiente,Pendiente,Mauricio,Requiere revisión,Enlace no valido
116,Milenio Televisión,https://www.milenio.com/mileniotv,https://www.facebook.com/mileniotelevision/about,Querétaro,Querétaro,México,Medio,Sí,Medio Informativo,Televisión,Noticiero,No,Sí,Mauricio,Aprobado,ninguna
117,CNN en Español,http://cnnespanol.cnn.com/,https://www.facebook.com/CNNee/about,Querétaro,Querétaro,México,Medio,Sí,Medio Informativo,Portal Digital,Noticias Generales,No,Sí,Mauricio,Aprobado,ninguna
118,Municipio de Corregidora ,http://www.corregidora.gob.mx/,https://www.facebook.com/mpiocorregidora/about,Corregidora,Querétaro,México,Oficial,Sí,Medio Informativo,Portal Digital,Noticias Estatales,No,Sí,Mauricio,Aprobado,ninguna
119,NMás,https://www.nmas.com.mx/,https://www.facebook.com/nmas.com.mx/about,Querétaro,Querétaro,México,Medio,Sí,Medio Informativo,Portal Digital,Noticias Generales,No,Sí,Mauricio,Aprobado,ninguna
120,QueretaroNoticias.com,https://www.queretaronoticias.com/,https://www.facebook.com/profile.php?id=61555462623054&sk=about,Querétaro,Querétaro,México,Medio,Sí,Medio Informativo,Portal Digital,Noticias Generales,No,Sí,Mauricio,Aprobado,ninguna
121,Voces Al Aire,N/A,https://www.facebook.com/vocesalaire0411/about,Otro,Ciudad de Mexico,México,Medio,Sí,Medio Informativo,Portal Digital,Noticias Generales,No,Sí,Mauricio,Aprobado,ninguna
122,Diario La Razón,http://www.razon.com.mx/,https://www.facebook.com/larazondemexico/about,Querétaro,Querétaro,México,Medio,Sí,Medio Informativo,Portal Digital,Noticias Generales,No,Sí,Mauricio,Aprobado,ninguna
123,Protección Civil Pinal de Amoles  ,http://www.pinaldeamoles.gob.mx/,https://www.facebook.com/profile.php?id=100086557633537&sk=about&locale=es_LA,Pinal de Amoles,Querétaro,México,Oficial,Sí,Gobierno,Protección Civil,Protección Civil Municipal,No,Sí,Mauricio,Aprobado,ninguna
124,Seguridad Pública Pinal de Amoles ,https://pinaldeamoles.gob.mx/,https://www.facebook.com/profile.php?id=61570651115626&sk=about&locale=es_LA,Querétaro,Querétaro,México,Oficial,Sí,Gobierno,Seguridad Pública,Secretaría de Seguridad Pública,No,Sí,Mauricio,Aprobado,ninguna
125,Informante Serrano ,NA,https://www.facebook.com/profile.php?id=61565956828332&sk=about&locale=es_LA,Querétaro,Querétaro,México,Medio,Sí,Medio Informativo,Portal Digital,Noticias Estatales,No,Sí,Mauricio,Aprobado,ninguna
126,Que todo Querétaro Se Entere ,http://www.quetodoqroseentere.com/,https://www.facebook.com/QueretaroEnterado/about,Querétaro,Querétaro,México,Medio,Sí,Medio Informativo,Portal Digital,Noticias Generales,No,Sí,Mauricio,Aprobado,ninguna
127,Radio Fórmula,https://www.radioformula.com.mx/,www.facebook.com/RadioFormulaMX/about,Querétaro,Querétaro,México,Medio,Sí,Medio Informativo,Portal Digital,Noticias Generales,No,Sí,Mauricio,Aprobado,ninguna
128,Imagen Radio,http://www.imagenradio.com.mx/,https://www.facebook.com/ImagenRadio/about,Otro,Ciudad de Mexico,México,Medio,Sí,Medio Informativo,Radio,Radio Noticias,No,Sí,Mauricio,Aprobado,ninguna
129,Secretaría de Seguridad y Protección Ciudadana de Colón ,NA,https://www.facebook.com/policiaColon/about?locale=es_LA,Colón,Querétaro,México,Oficial,Sí,Gobierno,Seguridad Pública,Secretaría de Seguridad Pública,No,Sí,Mauricio,Aprobado,ninguna
130,Radio UAQ 89.5 FM,https://estaciones.uaq.mx/public/cu,https://www.facebook.com/RadioUAQ,Querétaro,Querétaro,México,Oficial,Sí,Medio Informativo,Radio,Radio Noticias,No,Sí,Mauricio,Aprobado,ninguna
131,SSPM de Pedro Escobedo ,https://pedroescobedo.gob.mx/,https://www.facebook.com/SSPMPedroEscobedo/about?locale=es_LA,Pedro Escobedo,Querétaro,México,Oficial,Sí,Gobierno,Seguridad Pública,Secretaría de Seguridad Pública,No,Sí,Mauricio,Aprobado,ninguna
132,Imagen Querétaro,http://www.imagenqueretaro.mx/,https://www.facebook.com/imagenqueretaro94.7/about,Querétaro,Querétaro,México,Medio,Sí,Medio Informativo,Radio,Radio Noticias,No,Sí,Mauricio,Aprobado,ninguna
133,RR Noticias,https://rrnoticias.mx/,https://www.facebook.com/rrnoticiasqro/about,Querétaro,Querétaro,México,Medio,Sí,Medio Informativo,Portal Digital,Noticias Generales,No,Sí,Mauricio,Aprobado,ninguna
134,Radio Fórmula Querétaro,ttps://www.radioformula.com.mx/queretaro/,https://www.facebook.com/RadioFormulaQueretaro/about,Querétaro,Querétaro,México,Medio,Sí,Medio Informativo,Radio,Radio Noticias,No,Sí,Mauricio,Aprobado,ninguna
135,Inqro,http://www.inqro.tv/,https://www.facebook.com/inqro/about,Querétaro,Querétaro,México,Medio,Sí,Medio Informativo,Portal Digital,Noticias Generales,No,Sí,Mauricio,Aprobado,ninguna
136,Informe Queretano  (IQ Noticias),http://informequeretano.com/,https://www.facebook.com/informequeretano/about?locale=es_LA,Querétaro,Querétaro,México,Medio,Sí,Medio Informativo,Portal Digital,Noticias Generales,No,Sí,Mauricio,Aprobado,ninguna
137,Tequisquiapan Noticias ,NA,https://www.facebook.com/profile.php?id=100077646686796&sk=about&locale=es_LA,Tequisquiapan,Querétaro,México,Medio,Sí,Medio Informativo,Portal Digital,Noticias Locales,No,Sí,Mauricio,Aprobado,ninguna
138,"Querétaro Comunicado
",NA,https://www.facebook.com/profile.php?id=61584274693562,Querétaro,Querétaro,México,Medio,Sí,Medio Informativo,Portal Digital,Noticias Estatales,No,Sí,Mauricio,Aprobado,ninguna
139,Radar 107.5 Querétaro,https://www.radarfm.mx/,https://www.facebook.com/RadarQueretaro107.5,Querétaro,Querétaro,México,Medio,Sí,Medio Informativo,Portal Digital,Noticias Generales,No,Sí,Mauricio,Aprobado,ninguna
140,Municipio de Jalpan de Serra ,http://jalpan.gob.mx/,https://www.facebook.com/JalpandeSerraMagico?locale=es_LA,Jalpan de Serra,Querétaro,México,Oficial,Sí,Gobierno,Poder Ejecutivo,Ayuntamiento,No,Sí,Mauricio,Aprobado,ninguna
141,Protección Civil El Marqués ,https://elmarques.gob.mx/proteccion-civil/,https://www.facebook.com/profile.php?id=100067304901267,El Marqués,Querétaro,México,Oficial,Sí,Gobierno,Protección Civil,Protección Civil Municipal,No,Sí,Mauricio,Aprobado,ninguna
142,Noticias de Queret,https://queretanews.com/,https://www.facebook.com/Queretanews?locale=es_LA,Querétaro,Querétaro,México,Medio,Sí,Medio Informativo,Portal Digital,Noticias Estatales,No,Sí,Mauricio,Aprobado,ninguna
143,Sacar los hechos que quiero ,NA,https://www.facebook.com/Tirandofactosqro?locale=es_LA,Querétaro,Querétaro,México,Medio,Sí,Medio Informativo,Portal Digital,Noticias Estatales,No,Sí,Mauricio,Aprobado,ninguna
144,Acceso Querétaro ,NA,https://www.facebook.com/profile.php?id=100076950018997&locale=es_LA,Querétaro,Querétaro,México,Medio,Sí,Medio Informativo,Portal Digital,Noticias Locales,No,Sí,Mauricio,Aprobado,ninguna
145,Protección Civil Amealco ,http://amealco.gob.mx/,https://www.facebook.com/profile.php?id=61572115984504,Amealco de Bonfil,Querétaro,México,Medio,Sí,Medio Informativo,Portal Digital,Noticias Locales,No,Sí,Mauricio,Aprobado,ninguna
146,Declaración de Protección Civil de Querétaro ,https://www.proteccioncivilqro.gob.mx/,https://www.facebook.com/pcivilqro,Querétaro,Querétaro,México,Oficial,Sí,Gobierno,Protección Civil,Protección Civil Estatal,No,Sí,Mauricio,Aprobado,ninguna
147,Protección Civil Corregidora ,NA,https://www.facebook.com/profile.php?id=100064653283992,Querétaro,Querétaro,México,Medio,Sí,Medio Informativo,,,Pendiente,Pendiente,Mauricio,Requiere revisión,Link repetidos
148,Conoce más Pedro Escobedo Querétaro y sus alrededores. ,http://www.conocemaspe.mx/,https://www.facebook.com/profile.php?id=61571961067774&sk=about&locale=es_LA,Pedro Escobedo,Querétaro,México,Medio,Sí,Medio Informativo,Portal Digital,Noticias Locales,No,Sí,Mauricio,Aprobado,ninguna
149,"Protección Civil Arroyo Seco, Qro.",NA,https://www.facebook.com/profile.php?id=100087138235251,Arroyo Seco,Querétaro,México,Medio,Sí,Gobierno,Protección Civil,Protección Civil Municipal,No,Sí,Mauricio,Aprobado,ninguna
150,Cqcias ,https://cias.gob.mx/,https://www.facebook.com/cqcias/,Querétaro,Querétaro,México,Privada,Sí,Gobierno,Seguridad Pública,Centro de Monitoreo / C5 / C4,No,Sí,Mauricio,Aprobado,ninguna
151,Coordinación Estatal de Protección Civil de Querétaro ,https://www.proteccioncivilqro.gob.mx/,https://www.facebook.com/pcivilqro,Querétaro,Querétaro,México,Oficial,Sí,Gobierno,Protección Civil,Protección Civil Estatal,No,Sí,Mauricio,Aprobado,ninguna
152,Protección Civil SJR ,NA,https://www.facebook.com/profile.php?id=61573447187249,San Juan del Río,Querétaro,México,Oficial,Sí,Gobierno,Protección Civil,Protección Civil Municipal,No,Sí,Mauricio,Aprobado,ninguna
153,Protección Civil Tequisquiapan ,NA,https://www.facebook.com/profile.php?id=61566819129145,Tequisquiapan,Querétaro,México,Oficial,Sí,Gobierno,Protección Civil,Protección Civil Municipal,No,Sí,Mauricio,Aprobado,ninguna
154,Protección CIVIL Tolimán QRO,NA,https://www.facebook.com/profile.php?id=61557014603949,Tolimán,Querétaro,México,Oficial,Sí,Gobierno,Protección Civil,Protección Civil Municipal,No,Sí,Mauricio,Aprobado,ninguna
155,Pomares MX ,NA,https://www.facebook.com/pomaresoficial/about,Querétaro,Querétaro,México,Medio,Sí,Figura Pública,Comunicador / Periodista,Conductor de Noticias,No,Sí,Mauricio,Aprobado,ninguna
156,Miguel Angel Alvarez Vargas ,https://linktr.ee/malvarezvargas,https://www.facebook.com/malvarezv/?locale=es_LA,Querétaro,Querétaro,México,Medio,Sí,Figura Pública,Comunicador / Periodista,Creador de Contenido Informativo,No,Sí,Mauricio,Aprobado,ninguna
157,Querétaro 24/7 ,http://www.queretaro24-7.com/,https://www.facebook.com/Queretaro24.7,Querétaro,Querétaro,México,Medio,Sí,Medio Informativo,Portal Digital,Noticias Estatales,No,Sí,Mauricio,Aprobado,ninguna
158,Amealco Al Día,NA,https://www.facebook.com/groups/1650549139462448/about?locale=es_LA,Amealco de Bonfil,Querétaro,México,Medio,Sí,Comunidad,Grupos Comunitarios,Información Local,No,Sí,Mauricio,Aprobado,ninguna
159,Reporte Querétaro ,http://www.ciudadypoder.mx/,https://www.facebook.com/ReporteQueretaro/about?locale=es_LA,Querétaro,Querétaro,México,Medio,Sí,Medio Informativo,Portal Digital,Noticias Estatales,No,Sí,Mauricio,Aprobado,ninguna
160,Radar News Última Hora ,NA,https://www.facebook.com/RadarNewsNoticieros/about?locale=es_LA,Querétaro,Querétaro,México,Medio,Sí,Medio Informativo,Portal Digital,Noticias Estatales,No,Sí,Mauricio,Aprobado,ninguna
161,Querétaro Informado.,NA,https://www.facebook.com/groups/Qro.inf/about?locale=es_LA,Querétaro,Querétaro,México,Medio,Sí,Comunidad,Grupos Comunitarios,Información Local,No,Sí,Mauricio,Aprobado,ninguna
162,La Neta Noticias Queretaro ,NA,https://www.facebook.com/LaNetaNoticiasQueretaro?locale=es_LA,Querétaro,Querétaro,México,Medio,Sí,Medio Informativo,Portal Digital,Noticias Estatales,No,Sí,Mauricio,Aprobado,ninguna
163,Códice Informativo ,https://www.codiceinformativo.com/,https://www.facebook.com/codiceinformativo/about?locale=es_LA,Querétaro,Querétaro,México,Medio,Sí,Medio Informativo,Portal Digital,Noticias Estatales,No,Sí,Mauricio,Aprobado,ninguna
164,Pedro Escobedo Noticias,NA,https://www.facebook.com/profile.php?id=61561670571203&sk=about&locale=es_LA,Pedro Escobedo,Querétaro,México,Medio,Sí,Medio Informativo,Portal Digital,Noticias Estatales,No,Sí,Mauricio,Aprobado,ninguna
165,Alertas de seguridad San Juan del rio y Tequisquiapan,NA,https://www.facebook.com/groups/192977135383769/about?locale=es_LA,Querétaro,Querétaro,México,Medio,Sí,Medio Informativo,Portal Digital,Noticias Locales,No,Sí,Mauricio,Aprobado,ninguna
166,Noticias Querétaro! 24/7,NA,https://www.facebook.com/groups/597137593784904/about?locale=es_LA,Querétaro,Querétaro,México,Medio,Sí,Comunidad,Grupos Comunitarios,Información Local,No,Sí,Mauricio,Aprobado,ninguna
167,Noticias de Querétaro Sin Censura,NA,https://www.facebook.com/groups/819400862592152/about?locale=es_LA,Querétaro,Querétaro,México,Medio,Sí,Comunidad,Grupos Comunitarios,Información Local,No,Sí,Mauricio,Aprobado,ninguna
168,Centro Informativo Qro ,https://www.cinoticiasmx.com/,https://www.facebook.com/CINoticiasQro/about?locale=es_LA,Querétaro,Querétaro,México,Medio,Sí,Medio Informativo,Portal Digital,Noticias Estatales,No,Sí,Mauricio,Aprobado,ninguna
169,CQ Noticias ,http://www.cqnoticias.com/,https://www.facebook.com/profile.php?id=61568163730901&sk=about&locale=es_LA,Querétaro,Querétaro,México,Medio,Sí,Medio Informativo,Portal Digital,Noticias Estatales,No,Sí,Mauricio,Aprobado,ninguna
170,Tequisquiapan vive,NA,https://www.facebook.com/TequisquiapanVive,Tequisquiapan,Querétaro,México,Medio,Sí,Medio Informativo,,,Pendiente,Pendiente,Mauricio,Enlace inválido,Enlace no valido
171,Corregidora al Dia,NA,https://www.facebook.com/CorregidoraAlDia,Corregidora,Querétaro,México,Medio,Sí,Medio Informativo,,,Pendiente,Pendiente,Mauricio,Enlace inválido,Enlace no valido
172,Qué Pasa en Querétaro,NA,https://www.facebook.com/QuePasaEnQueretaro,Querétaro,Querétaro,México,Medio,Sí,Medio Informativo,Portal Digital,Noticias Estatales,No,Sí,Mauricio,Aprobado,ninguna
173,Así Sucede Querétaro,asisucede.com.mx,https://www.facebook.com/AsiSucedeQro/aboutt,Querétaro,Querétaro,México,Medio,Sí,Medio Informativo,Radio,Radio Noticias,No,Sí,Mauricio,Aprobado,ninguna
174,Panorama Queretano,panoramaqueretano.com,https://www.facebook.com/PanoramaQueretano,Querétaro,Querétaro,México,Medio,Sí,Medio Informativo,Portal Digital,Noticias Estatales,No,Sí,Mauricio,Aprobado,ninguna
175,Soy Querétaro,soyqro.com,https://www.facebook.com/SoyQro,Querétaro,Querétaro,México,Medio,Sí,Medio Informativo,Portal Digital,Noticias Locales,No,Sí,Mauricio,Aprobado,ninguna
176,Periódico El Pueblito,NA,https://www.facebook.com/PeriodicoElPueblito,Querétaro,Querétaro,México,Medio,Sí,Medio Informativo,Portal Digital,Noticias Estatales,No,Sí,Mauricio,Aprobado,ninguna
177,UAQ Sin Censura. ,NA,https://www.facebook.com/uaqsincensura,Querétaro,Querétaro,México,Medio,Sí,Figura Pública,Comunicador / Periodista,Periodista Independiente,No,Sí,Mauricio,Aprobado,ninguna
178,Ayudas carrillo ,NA,https://www.facebook.com/profile.php?id=61555354179910,Querétaro,Querétaro,México,Medio,Sí,Emergencias y Rescate,Alertas y Riesgos,Alertas Viales,No,Sí,Mauricio,Aprobado,ninguna
179,Rockd Media ,NA,https://www.facebook.com/RockdMedia,Querétaro,Querétaro,México,Medio,Sí,Figura Pública,Comunicador / Periodista,Periodista Independiente,No,Sí,Mauricio,Aprobado,ninguna
180,Yoheme Pomares,NA,https://www.facebook.com/pomaresoficial/about,Querétaro,Querétaro,México,Medio,Sí,Medio Informativo,,,Sí,Sí,Mauricio,Duplicado,Duplicado
181,Querétaro Network TV QNTV ,http://queretaronetwork.tv/,https://www.facebook.com/QroNTV?locale=es_LA,Querétaro,Querétaro,México,Medio,Sí,Medio Informativo,Portal Digital,Noticias Generales,No,Sí,Mauricio,Aprobado,ninguna
182,Alejandro Villalvazo ,NA,https://www.facebook.com/profile.php?id=100044421636694,Querétaro,Querétaro,México,Medio,Sí,Figura Pública,Comunicador / Periodista,Periodista Independiente,No,Sí,Mauricio,Aprobado,ninguna